"p","omega","delta","mu_e","mu_ql","mu_el","mu_qn","mu_en","mu_qa","mu_ea","mu_h","beta_nh","beta_hl","beta_hn","lambda_l","lambda_n","lambda_a","alpha","f_l","f_n","f_a","kappa","c","Tf","obsprob","T_min_l","gamma","E0","QL0","EL_s0","EL_i0","QN_s0","QN_i0","EN_s0","EN_i0","QA_s0","QA_i0","EA0","H_s0","H_i0","LogLik","LogLik",
0,0,0,0,0,0,0,0,0,0,0,0,0,0,0,0,0,0,0,0,0,0,0,0,0,0,0,0,0,0,0,0,0,0,0,0,0,0,0,0,-21073.2587710815,"NaN","#VALUE!"
2000,4.59786378160286,0.5,0.02618,0.0068,0.001428,0.0034,0.000476,0.00136,0.000408,0.002739726027397,0.9,0.8,0.8,0.004591000020939,0.000429608565298,29.1185878868456,1660,0.843040790287259,0.881226169310806,0.926378796447788,2.16866760746757E-05,0.4,4,0.991540108306915,17.0883933362362,0.333333333333333,199.831190223986,5652.52194357435,0.41058117935765,286.615746763165,2.78960720579534,160.060537860767,3.31152484809564,0.505839282558445,624.778771632109,128439.54664991,19050.6657146366,0.000308614157195,0.998754761514993,-8587.1866071562,-8587.198267,-0.011659843799862
0,0,0,0,0,0,0,0,0,0,0,0,0,0,0,0,0,0,0,0,0,0,0,0,0,0,0,0,0,0,0,0,0,0,0,0,0,0,0,0,-21073.2587710815,"NaN","#VALUE!"
2000,4.07220167858401,0.5,0.02618,0.0068,0.001428,0.0034,0.000476,0.00136,0.000408,0.002739726027397,0.9,0.8,0.8,0.004454738830049,0.00042380805703,28.0613223805391,1660,0.80576801318248,0.853920271138829,0.933506810750878,1.99992421915684E-05,0.4,4,0.962279703062134,16.8954589966456,0.333333333333333,497871.370919486,51.2116551458284,1.78015285734065,321.645452962968,12.7562785291896,150.934939228841,1.66335307530393,8.65523144101352,788.317112332693,153208.662365104,13612.0856565084,0.000302302809751,0.998281568647272,-8581.25224283159,-8581.245075,0.007167831588959
2000,4.3611575334812,0.5,0.02618,0.0068,0.001428,0.0034,0.000476,0.00136,0.000408,0.002739726027397,0.9,0.8,0.8,0.004467506492032,0.000413323984564,24.3158340917797,1660,0.846016849449792,0.906521676645438,0.893883844510911,2.52467817040601E-05,0.4,4,1.17404889961674,17.0132508790168,0.333333333333333,187.078734037916,3471.55050206835,0.300468780984076,276.538000825721,3.16520666959869,216.538395308949,1.41945531186548,3.82663969273951,908.585022255787,7139.939226798,7419.49966146321,7.26068876372912E-05,0.999578269468011,-8580.83952160413,-8580.786846,0.052675604129036
2000,4.51149139661276,0.5,0.02618,0.0068,0.001428,0.0034,0.000476,0.00136,0.000408,0.002739726027397,0.9,0.8,0.8,0.004519587328558,0.000428593565924,29.4404054797623,1660,0.843910886885735,0.890727885459582,0.925630541266687,2.25649605938124E-05,0.4,4,0.983774672637511,17.0995528163864,0.333333333333333,340704.205393248,110.676908681541,1.25785216492333,278.246214659499,9.951939896263,166.020985394153,4.4343845724198,6.8913980000671,428.322145622154,249844.860545731,11358.4999677717,0.000273512900669,0.998375145961466,-8586.82589887557,-8586.82055,0.005348875569325
0,0,0,0,0,0,0,0,0,0,0,0,0,0,0,0,0,0,0,0,0,0,0,0,0,0,0,0,0,0,0,0,0,0,0,0,0,0,0,0,-21073.2587710815,"NaN","#VALUE!"
2000,4.41917972414957,0.5,0.02618,0.0068,0.001428,0.0034,0.000476,0.00136,0.000408,0.002739726027397,0.9,0.8,0.8,0.004503850370213,0.000429795201489,24.3565411052537,1660,0.844688110647312,0.86757524801118,0.912700159746879,2.61750596637721E-05,0.4,4,0.996554464836031,17.1230223863367,0.333333333333333,21918.0277001206,5.80406445052554,2.6310303565293,286.278837574632,3.39632431235912,206.165819906939,105.341653787601,0.380589266396012,523.830358203747,115456.575845849,19635.3965394117,7.4113140811985E-05,0.999554745375851,-8583.60299583313,-8583.60117,0.00182583312926
2000,4.42321171083161,0.5,0.02618,0.0068,0.001428,0.0034,0.000476,0.00136,0.000408,0.002739726027397,0.9,0.8,0.8,0.004380717039813,0.000430681072385,19.5307103382385,1660,0.797057106751547,0.935827945976704,0.892514378016274,3.30243827477268E-05,0.4,4,1.16854940960272,16.8401956133469,0.333333333333333,29486.895968253,2.95748827696772,0.063699117197725,289.801543270495,6.58729540531824,173.834538823074,13.8711050624089,54.2209042259653,61200.148406922,71844.9118676795,931.48928069487,0.000448091126009,0.999360399085011,-8580.4645084349,-8580.41897,0.045538434898845
2000,4.6242410424009,0.5,0.02618,0.0068,0.001428,0.0034,0.000476,0.00136,0.000408,0.002739726027397,0.9,0.8,0.8,0.004516129279092,0.000425439677611,24.0311711908959,1660,0.83562487426044,0.942448268624775,0.944546412889342,2.7183539509025E-05,0.4,4,0.993936795087949,17.1331885041439,0.333333333333333,18956.5849424289,205.354561210185,0.152974731883807,346.17405010361,9.71064165868919,142.704998230969,22.1648227348817,15.0991757515679,920.316167640144,92065.2178772913,21257.2773659091,0.001689335604878,0.997745237093589,-8588.88790632861,-8588.841158,0.046748328610192
2000,4.61108454077131,0.5,0.02618,0.0068,0.001428,0.0034,0.000476,0.00136,0.000408,0.002739726027397,0.9,0.8,0.8,0.004748857783028,0.000452731067063,23.5925770405734,1660,0.812528149867204,0.977513276159503,0.713738545193166,3.07200188187186E-05,0.4,4,1.19538209800439,16.9623045087584,0.333333333333333,38514.6710956597,432.894324644595,2.58731578467753,284.817682335827,0.71105129664933,366.227100007599,5.05647436363575,6.42225254053172,744.238567476056,103039.181312475,52055.9885369291,0.000161162522372,0.997633644550333,-8578.44084833166,-8578.448622,-0.007773668339723
2000,3.16655135132461,0.5,0.02618,0.0068,0.001428,0.0034,0.000476,0.00136,0.000408,0.002739726027397,0.9,0.8,0.8,0.003878861131442,0.000423911064217,31.4773257215062,1660,0.827625487320215,0.886753916306393,0.895909423260354,1.84320402324122E-05,0.4,4,1.04321702111637,22.4452957527463,0.333333333333333,23533.1972658102,5411.62136889767,1.15629730067974,300.508387666419,602.710137929704,146.521260299398,1.82407836874827,12.1845601067595,775.930765401087,232858.04931072,15676.502757105,0.000272744703253,0.998538098629722,"NA","NaN","#VALUE!"
2000,4.33282323847291,0.5,0.02618,0.0068,0.001428,0.0034,0.000476,0.00136,0.000408,0.002739726027397,0.9,0.8,0.8,0.004535634438607,0.000427152755732,29.4165178048563,1660,0.809920599261344,0.836374057863812,0.924490447188631,2.03716776334925E-05,0.4,4,1.33795183078255,16.8585723961129,0.333333333333333,15691.9848203442,189.793214425051,0.193480693913006,268.861873644477,638.4412866677,207.185739181609,3.6610779848934,3.93980738636657,1595.23302618589,113647.373565672,20147.7173223343,0.000164195738993,0.999286308958527,-8580.74956422554,-8580.752601,-0.00303677446027
2000,4.43938549331912,0.5,0.02618,0.0068,0.001428,0.0034,0.000476,0.00136,0.000408,0.002739726027397,0.9,0.8,0.8,0.004488842408878,0.000426864443089,21.5888669784354,1660,0.826322389411253,0.941448166151445,0.885815842962512,3.16072380639992E-05,0.4,4,0.969051982704512,17.0788792329104,0.333333333333333,22942.3427255896,26.4453368517708,1.338270770083,344.762630562966,6.800781420482,184.909436252642,3.39709868403979,40.1797699398504,10812.1366447403,18215.4662879642,7993.78655318978,0.000198104331625,0.999285787570785,-8582.66817167705,-8582.691087,-0.022915322948393
2000,4.39768305237254,0.5,0.02618,0.0068,0.001428,0.0034,0.000476,0.00136,0.000408,0.002739726027397,0.9,0.8,0.8,0.004486788481121,0.000427170612947,29.0896280068837,1660,0.846093115303427,0.875971152483617,0.925524131594589,2.01638357875923E-05,0.4,4,0.975413425313912,17.111300391789,0.333333333333333,1179.60840350735,302.370142724396,1.01437248624571,282.348148932676,745.279723145624,181.836452308049,0.1374200753905,7.64552293376477,1912.3767708639,181401.99349307,10989.8307171832,0.000113525619313,0.999490050188495,-8586.84933341647,-8586.846713,0.002620416469654
2000,4.04386950203207,0.5,0.02618,0.0068,0.001428,0.0034,0.000476,0.00136,0.000408,0.002739726027397,0.9,0.8,0.8,0.004494057326825,0.000417585088887,30.0950967168113,1660,0.822298853180673,0.874652379082468,0.879217899681325,1.96046256760528E-05,0.4,4,1.35729465180933,17.0165815356933,0.333333333333333,30734.781793922,44.4136107109101,508.644446984389,249.383077423435,4.54474993435808,251.532647214471,1.71823359880759,6.78427899923557,2068.85833833544,33039.6879054195,548.552111157292,9.15166228123518E-05,0.99938384276951,-8579.9306033004,-8579.922735,0.007868300399423
2000,4.06524289315294,0.5,0.02618,0.0068,0.001428,0.0034,0.000476,0.00136,0.000408,0.002739726027397,0.9,0.8,0.8,0.004319602703399,0.000454907199328,22.7167123365178,1660,0.811816042480104,0.802787878277247,0.943543124025258,2.65003082836381E-05,0.4,4,1.01004440443732,17.1230050087288,0.333333333333333,118759.922913225,278.256634656427,3.45200606655199,330.333278835467,4.73527000079068,131.463430978399,72.1692225895677,12.6927915558558,1358.21048542522,43217.2464668057,551.493101843503,0.00039948823996,0.998769234509798,-8580.48335987012,-8580.460451,0.022908870119864
2000,4.21286405910223,0.5,0.02618,0.0068,0.001428,0.0034,0.000476,0.00136,0.000408,0.002739726027397,0.9,0.8,0.8,0.004325115191461,0.000431847458551,28.5437679337936,1660,0.855031898601162,0.853761740602382,0.938883448721939,2.13097222630926E-05,0.4,4,1.03853940570947,17.1904478582164,0.333333333333333,13772.6243618874,183.189944001425,0.561444402733304,350.924057067154,14.6934694484207,117.423826052338,130.977064121307,9.1990153578418,744.56747963941,83798.7899488093,35062.5556580825,0.000420794967232,0.998238890867624,-8584.58309748222,-8584.548859,0.034238482219735
2000,4.11784064406548,0.5,0.02618,0.0068,0.001428,0.0034,0.000476,0.00136,0.000408,0.002739726027397,0.9,0.8,0.8,0.004454954967059,0.000407728331839,27.5537412333528,1660,0.837453836896002,0.850593205884106,0.926581984822755,2.10958490739859E-05,0.4,4,1.23972071648446,16.9227962056149,0.333333333333333,351469.176420448,37.5393401409209,2.79034333494652,302.006211423157,3.23587655285142,235.875657702143,0.25881037077201,6.23934216932715,1353.53226233293,107208.753470461,17499.5318554131,0.002537639893258,0.996014590029672,-8579.39212722959,-8579.353726,0.038401229590818
2000,4.39064450613754,0.5,0.02618,0.0068,0.001428,0.0034,0.000476,0.00136,0.000408,0.002739726027397,0.9,0.8,0.8,0.004759964570001,0.000405546217517,31.5534245101483,1660,0.826362523145531,0.89148939111838,0.938965016737586,1.88346769102985E-05,0.4,4,1.11864768038578,23.3012673696682,0.333333333333333,339195.191325044,224.775668858636,0.443631934797017,268.828701384723,2.55370161126567,142.449402472172,1.68663046948946,13.0707281999931,1179.9957146484,401.199334436275,135003.328115605,0.000147719325862,0.999266281952864,"NA","NaN","#VALUE!"
2000,4.94908497101491,0.5,0.02618,0.0068,0.001428,0.0034,0.000476,0.00136,0.000408,0.002739726027397,0.9,0.8,0.8,0.004695944832661,0.000433936887017,23.5586810079435,1660,0.832288281130511,0.943901807029416,0.890196143293017,2.69811416377853E-05,0.4,4,1.01807849380319,17.0469636439829,0.333333333333333,29109.5973805278,2203.39890790807,0.322181474445689,298.011772704202,10.5481710068887,168.88203046854,0.238248950031221,3.01459713659534,1752.58411695052,92113.0180198091,27942.2392544217,0.000235184354903,0.99933320426804,-8589.00279093522,-8588.963733,0.039057935218807
2000,4.54260931133763,0.5,0.02618,0.0068,0.001428,0.0034,0.000476,0.00136,0.000408,0.002739726027397,0.9,0.8,0.8,0.00459922723324,0.000429565093072,21.1818024499894,1660,0.838079451044891,0.868330921937716,0.89872514466283,3.03403009823962E-05,0.4,4,1.18763959982367,17.1168950879611,0.333333333333333,492.26467483615,300.477890550136,0.953638246032093,277.992870881757,2.36809331741427,140.349727863406,89.9171673307709,0.024737689049964,280.461940094358,56550.1720807819,47501.1973828809,0.000107085879588,0.999323640707122,-8581.8693214594,-8581.791764,0.07755745940085
2000,4.47781708840147,0.5,0.02618,0.0068,0.001428,0.0034,0.000476,0.00136,0.000408,0.002739726027397,0.9,0.8,0.8,0.004438949567531,0.000429551495408,38.4272659983403,1660,0.840192580132197,0.969332533166102,0.916765575070367,1.84366495044958E-05,0.4,4,1.03462510085886,17.1398765048314,0.333333333333333,28131.5865518492,53.4700393595726,0.378691725124434,332.014553105822,3.81463201980579,147.363138513961,3.70806124251821,108.872888108923,315.960727929562,61058.6002397827,2956.03210053948,8.60065885990763E-05,0.999716001760219,-8592.02664028889,-8592.014816,0.011824288889329
2000,4.08674356367438,0.5,0.02618,0.0068,0.001428,0.0034,0.000476,0.00136,0.000408,0.002739726027397,0.9,0.8,0.8,0.004318210219606,0.000428693006339,24.2223126310921,1660,0.831054786627452,0.865630802963609,0.919760371323445,2.53035314631844E-05,0.4,4,1.44420959851265,17.115227355755,0.333333333333333,1061.30002732861,2423.53637716024,0.00902255655682,343.971388069629,1.37848395373829,195.167718438467,1.66881662261837,8.08738566348544,1142.90834535287,48482.5298992569,195268.217544126,0.000246099906281,0.999155844866227,-8578.68597214844,-8578.662412,0.023560148440083
2000,4.25289404311539,0.5,0.02618,0.0068,0.001428,0.0034,0.000476,0.00136,0.000408,0.002739726027397,0.9,0.8,0.8,0.004523453028492,0.000435428259994,23.0857124116145,1660,0.832961254638456,0.864580331220007,0.862915801115051,2.68561556590221E-05,0.4,4,1.57984275496779,17.1370003126062,0.333333333333333,9593.71795708773,59.216863792772,67.2777949879596,339.747676235015,1.12728703136751,186.531528271394,12.4414643502327,6.60240034719543,339.73880582854,48.2401559339992,29271.4493935321,4.02845317163303E-05,0.999619579386588,-8578.15030296596,-8578.1432,0.007102965959348
2000,4.2018959974591,0.5,0.02618,0.0068,0.001428,0.0034,0.000476,0.00136,0.000408,0.002739726027397,0.9,0.8,0.8,0.004465622903175,0.000434572376462,30.4275413300915,1660,0.809368795486368,0.891839798307983,0.928390822032295,2.11727125746787E-05,0.4,4,0.98795184493659,17.1288995967441,0.333333333333333,314038.263270239,245.65399927088,1.00864816834666,291.208214082855,1.04600434385027,206.40263367279,2.38975881163527,28.4672879458838,2090.87361936368,69387.7965203429,16375.1067232937,0.00047420379892,0.998808367955077,-8584.7907968682,-8584.749155,0.041641868199804
2000,4.2598742178773,0.5,0.02618,0.0068,0.001428,0.0034,0.000476,0.00136,0.000408,0.002739726027397,0.9,0.8,0.8,0.00451887084969,0.000418545884481,27.8841893255735,1660,0.833929919617401,0.971267218753099,0.824111928707262,2.54910622378149E-05,0.4,4,1.54458649003089,17.1024123600153,0.333333333333333,57610.4821759128,56.6749647512783,3.93552246790852,331.428569114129,13.686267462781,154.611506445621,0.659628626761256,7.14277129137389,0.126174291769794,21.4633182514097,7358.96042415419,0.000558483342738,0.998218194487461,-8579.36784390845,-8579.376163,-0.00831909155022
2000,4.29602749035261,0.5,0.02618,0.0068,0.001428,0.0034,0.000476,0.00136,0.000408,0.002739726027397,0.9,0.8,0.8,0.004377621762785,0.000430485800221,32.56778520573,1660,0.860210212230303,0.94799378407025,0.788574455946407,2.04907222867044E-05,0.4,4,1.73686304527024,17.0442921647565,0.333333333333333,59.536719967177,10.9788641407306,0.428629171685224,369.269562404466,0.495738133050764,331.583014678234,4.50397919669451,2.24496611301098,5866.16383993143,14.0354799322137,23525.4557259571,0.000860273505519,0.9976498594479,-8577.94833355139,-8577.87742,0.070913551389822
0,0,0,0,0,0,0,0,0,0,0,0,0,0,0,0,0,0,0,0,0,0,0,0,0,0,0,0,0,0,0,0,0,0,0,0,0,0,0,0,-21073.2587710815,"NaN","#VALUE!"
2000,4.57915714598667,0.5,0.02618,0.0068,0.001428,0.0034,0.000476,0.00136,0.000408,0.002739726027397,0.9,0.8,0.8,0.004607081747667,0.000436375942643,11.2128751443354,1660,0.834553900717425,0.98296842809247,0.777264172966347,6.28220345411237E-05,0.4,4,0.98795184493659,17.1307769675849,0.333333333333333,18543.7098050863,334.117851166471,0.420841549429422,292.789666792793,5.40380448431297,161.560893245543,0.014103236013818,5.31163501465165,1026.43266952394,35804.1978572868,21302.3838373193,7.05265864006877E-06,0.999972945557781,-8578.22765412324,-8578.18542,0.042234123240633
2000,4.06916597440418,0.5,0.02618,0.0068,0.001428,0.0034,0.000476,0.00136,0.000408,0.002739726027397,0.9,0.8,0.8,0.004306085395135,0.000418739117293,34.3384809352747,1660,0.836391825989554,0.901428598674321,0.906977675046635,1.86194757517874E-05,0.4,4,1.11884037261635,16.9673066321167,0.333333333333333,65503.4272259469,4132.2290861126,1.50422444277525,284.612081985314,9.01132990991644,165.807571404682,1.96640106350043,5.28254885116935,1491.61882614428,2809.09633102085,55.2785300750455,0.002272842386305,0.991164667956762,-8581.97297064099,-8581.956512,0.016458640990095
0,0,0,0,0,0,0,0,0,0,0,0,0,0,0,0,0,0,0,0,0,0,0,0,0,0,0,0,0,0,0,0,0,0,0,0,0,0,0,0,-21073.2587710815,"NaN","#VALUE!"
2000,4.16952890042349,0.5,0.02618,0.0068,0.001428,0.0034,0.000476,0.00136,0.000408,0.002739726027397,0.9,0.8,0.8,0.004260390730338,0.00042355186681,22.3272073785607,1660,0.83586753177535,0.883452581017901,0.904455862333842,2.72423617713493E-05,0.4,4,1.11073993685989,16.9236177041342,0.333333333333333,1187.09944244647,5316.67013056043,1.04664720032721,270.018220214197,16.4709014278225,175.863000389434,2.46659933073711,8.13244446076832,303.386688832522,137348.10054989,53110.5860176067,0.000102965488461,0.999610608249278,-8579.58533296366,-8579.612791,-0.027458036340249
2000,4.57479183178578,0.5,0.02618,0.0068,0.001428,0.0034,0.000476,0.00136,0.000408,0.002739726027397,0.9,0.8,0.8,0.004515045499627,0.000429059027806,31.0768043896607,1660,0.849059300022142,0.887905719893071,0.903259850648887,2.04114819793632E-05,0.4,4,1.13306234225721,17.0366604357369,0.333333333333333,16233.2273333549,91.1325472031442,0.869362546466864,226.847870300869,649.127209407015,214.493442909281,1.40499548026036,7.51713586249438,325.850677586475,289847.920653377,28687.1823872041,0.000133691931991,0.999198636097885,-8586.04198042825,-8586.032979,0.009001428250485
2000,4.31128462385091,0.5,0.02618,0.0068,0.001428,0.0034,0.000476,0.00136,0.000408,0.002739726027397,0.9,0.8,0.8,0.004453816921007,0.00043128501639,33.8979823389292,1660,0.903498368194482,0.761009470070279,0.921815116677612,1.74127767070216E-05,0.4,4,1.02358994496286,17.1117458552334,0.333333333333333,359749.725187454,138.012476113931,0.634133304196796,324.388866946059,6.85036177912493,322.369783539677,2.52789931964297,8.26417933121125,776.547604728862,122456.502939932,10498.0444790456,0.000228075032511,0.998848452673779,-8581.79578012624,-8581.770976,0.024804126240269
2000,3.3245161687829,0.5,0.02618,0.0068,0.001428,0.0034,0.000476,0.00136,0.000408,0.002739726027397,0.9,0.8,0.8,0.003766501723085,0.000435811460098,30.4214707366626,1660,0.829179409575718,0.878386379503488,0.947071331168942,2.08575654682788E-05,0.4,4,0.993936795087949,17.1346466530062,0.333333333333333,324152.499864299,5269.92673058573,1.97061550779319,282.164596412546,2.29480342606687,168.432222019084,1.56921936008137,0.220574244220323,567.332501986464,56880.5665686985,25.9085663264534,0.000249463788953,0.998797587971899,-8579.74037053866,-8579.723453,0.016917538659982
2000,4.73242727115261,0.5,0.02618,0.0068,0.001428,0.0034,0.000476,0.00136,0.000408,0.002739726027397,0.9,0.8,0.8,0.004420048543157,0.000432266683061,16.4172571046837,1660,0.860621259592315,0.913270461258903,0.886581758907651,3.94926195292811E-05,0.4,4,0.968425685091218,17.048424067018,0.333333333333333,104007.054310387,154.163852671166,2.38411797343795,286.730047484288,8.52095343587755,166.093024879943,1.49986225365448,6.55272404209845,446.9866152366,151615.737688418,16090.7370553836,0.000115434624078,0.999363348066157,-8582.45260392263,-8582.476217,-0.023613077370101
2000,4.63912847334898,0.5,0.02618,0.0068,0.001428,0.0034,0.000476,0.00136,0.000408,0.002739726027397,0.9,0.8,0.8,0.006237483504665,0.000349664820696,13.7372598554346,1660,0.751154518036089,0.877740189476933,0.952356102930273,3.87274618415264E-05,0.4,4,0.866026853178573,16.8640256755116,0.333333333333333,242156.764550772,173.777163446695,2.23010647123542,368.309539630082,0.80780079801227,18.6183152165303,1.79309570952732,7.22125428818567,715.237787050888,104918.916475419,16778.2321109656,9.72112703791992E-05,0.99848255610726,-8582.18427073965,-8582.154946,0.029324739649383
2000,4.38654224603605,0.5,0.02618,0.0068,0.001428,0.0034,0.000476,0.00136,0.000408,0.002739726027397,0.9,0.8,0.8,0.006331560242163,0.000345115451761,12.2271368087098,1660,0.753633287055451,0.892591764587023,0.929974850878324,3.88654895941525E-05,0.4,4,0.875256051571034,17.0436492056319,0.333333333333333,172954.984663176,165.214315360462,3.09687931752024,378.391135514873,14.3263411174259,24.7104764273044,2.30438907116192,6.30467914294061,476.923355515903,183548.226226703,37177.8793938154,8.13465633696474E-05,0.99911039765346,-8581.81399873256,-8581.724434,0.089564732559666
2000,4.31039138237125,0.5,0.02618,0.0068,0.001428,0.0034,0.000476,0.00136,0.000408,0.002739726027397,0.9,0.8,0.8,0.004428055672027,0.000435811460098,22.7179978615385,1660,0.836491059383443,0.994407846875328,0.782167372884379,3.08931410069699E-05,0.4,4,0.996178875919396,17.130483650262,0.333333333333333,4805.02098037513,294.291111407025,0.412328777890728,287.061195692174,3.27494731458768,224.521073722264,93.4903797009298,4.25271160066102,54.1985068881502,42415.0146412445,75253.6965071428,0.000487208342144,0.998589723056974,-8580.96550356368,-8580.862711,0.10279256368085
2000,4.67449685657212,0.5,0.02618,0.0068,0.001428,0.0034,0.000476,0.00136,0.000408,0.002739726027397,0.9,0.8,0.8,0.004603601844137,0.000435203315775,13.1219035765559,1660,0.823617970383766,0.92732513806997,0.871532692713264,4.9426768442731E-05,0.4,4,3.70783958598535,17.1410311455578,0.333333333333333,21353.9736212319,283.534912241877,1.03707808580855,91.8676248406184,2.98161428417984,154.340645477873,3.11958357080523,8.71151987903294,603.156540648656,82948.6851517188,4432.66979503158,0.000263542220672,0.999224400259431,-8577.01557502381,-8576.972188,0.043387023810283
0,0,0,0,0,0,0,0,0,0,0,0,0,0,0,0,0,0,0,0,0,0,0,0,0,0,0,0,0,0,0,0,0,0,0,0,0,0,0,0,-21073.2587710815,"NaN","#VALUE!"
2000,4.5541101462812,0.5,0.02618,0.0068,0.001428,0.0034,0.000476,0.00136,0.000408,0.002739726027397,0.9,0.8,0.8,0.004434377855389,0.000504226014673,28.8710750484277,1660,0.845112390575245,0.879769700401038,0.701279847592557,2.50879156717339E-05,0.4,4,0.944622634748905,17.0264623596695,0.333333333333333,4048.11792126673,944.049352715943,2.07537078294312,290.684243303696,0.244660132481367,243.303540002253,2.98491763686729,2.00431452341005,616.709439422565,13.7634185548811,14.0072064980217,1.56118184272251E-05,0.999765685212329,-8579.31971039946,-8579.272856,0.046854399461154
2000,4.40180130362379,0.5,0.02618,0.0068,0.001428,0.0034,0.000476,0.00136,0.000408,0.002739726027397,0.9,0.8,0.8,0.00629413306625,0.000345973133927,15.6700100456013,1660,0.770611411265143,0.969354937137794,0.845525843096972,3.57164809698936E-05,0.4,4,1.04826867925906,17.2061118505976,0.333333333333333,25524.3055971307,129.567144947764,316.901155858574,346.047988678132,18.0225840192798,24.3780232878061,1.17841498073112,7.83220338269371,411.95314452637,180668.604223349,48082.3349174352,4.7298153060596E-05,0.999015695984351,-8581.8879961842,-8581.84487,0.043126184198627
2000,4.67117182983315,0.5,0.02618,0.0068,0.001428,0.0034,0.000476,0.00136,0.000408,0.002739726027397,0.9,0.8,0.8,0.006112281722086,0.000351823141124,16.9996019145275,1660,0.789738796561242,0.97122926169893,0.86232598464256,3.24791413200756E-05,0.4,4,1.01081664387122,17.1209551308614,0.333333333333333,212891.309752034,95.2549244733874,2.49334200838832,352.388618260905,16.9229380751881,5.37193032848887,4.43093788857392,5.09401360376212,415.179898035934,166062.944995952,33600.5422035918,8.58467236865194E-06,0.999709557307559,-8584.166581809,-8584.110631,0.055950809000933
2000,4.42575052341657,0.5,0.02618,0.0068,0.001428,0.0034,0.000476,0.00136,0.000408,0.002739726027397,0.9,0.8,0.8,0.005823455800505,0.000354110603098,23.7411903060549,1660,0.823921671634573,0.849367579189626,0.936641841913176,1.77E-05,0.4,4,0.997995121241872,17.1248148370364,0.333333333333333,39724.9961574287,128.366915009639,2.4408902175363,349.421647807292,1.091022511129,159.051999448212,110.773276419151,7.31996452797799,931.703947277664,61785.3790930929,18103.9464248972,8.16058352769244E-05,0.999382689460876,-8585.7945285615,-8585.745924,0.048604561499815
2000,4.76425968387443,0.5,0.02618,0.0068,0.001428,0.0034,0.000476,0.00136,0.000408,0.002739726027397,0.9,0.8,0.8,0.004633705735586,0.000425004136393,27.2563314295153,1660,0.843249296037703,0.870029994575178,0.910789484026272,1.98873041424009E-05,0.4,4,1.0820874712974,23.5276278583523,0.333333333333333,3638.53144022402,188.680840975959,0.809281505579332,261.98213984194,11.7387510812359,168.717576527724,137.98887438053,0.005690498852263,485.073790194779,63744.0497004362,37132.1170179041,0.000167914571011,0.999094436695547,"NA","NaN","#VALUE!"
0,0,0,0,0,0,0,0,0,0,0,0,0,0,0,0,0,0,0,0,0,0,0,0,0,0,0,0,0,0,0,0,0,0,0,0,0,0,0,0,-21073.2587710815,"NaN","#VALUE!"
2000,4.59390216669847,0.5,0.02618,0.0068,0.001428,0.0034,0.000476,0.00136,0.000408,0.002739726027397,0.9,0.8,0.8,0.006262984659457,0.000351512907895,13.4277409781691,1660,0.76671208154308,0.914009407304696,0.920410273741182,4.05733976680688E-05,0.4,4,1.0014743757043,17.152321215695,0.333333333333333,2.22175795570846,793.121962752258,0.710146150099198,347.601984748956,20.7620829813271,29.4822689893376,43.3345998267687,0.713758278766727,692.664057767597,127264.71545419,6985.40164424229,0.000160081983614,0.99852874512841,-8582.73043743014,-8582.643468,0.086969430140016
2000,4.62830455396012,0.5,0.02618,0.0068,0.001428,0.0034,0.000476,0.00136,0.000408,0.002739726027397,0.9,0.8,0.8,0.004672453987701,0.000430597724823,19.9211658198113,1660,0.83054810609365,0.940175561731054,0.846613800035022,3.43344986763568E-05,0.4,4,1.03091662319468,17.1324829833594,0.333333333333333,1799.75543867926,92.6943668689397,0.443128595879968,348.142108154429,15.4513210752541,134.709324163605,5.05349906676797,1.26612042123478,1593.15719212454,2079.04109006497,169.250957556216,0.000127503170479,0.999072168297216,-8582.05420020411,-8582.003501,0.05069920411006
2000,4.60625103908061,0.5,0.02618,0.0068,0.001428,0.0034,0.000476,0.00136,0.000408,0.002739726027397,0.9,0.8,0.8,0.004395110704576,0.0004350913597,30.1439915545542,1660,0.836759999884703,0.982848847244126,0.899782418920329,2.38759552642674E-05,0.4,4,0.988113981427596,17.1217035208853,0.333333333333333,46495.8247693643,78.3320336766003,0.245892891163438,286.134280812189,2.4625496168547,173.485396817777,3.14977258526643,91.2764916676143,618.192263452347,61999.233187432,26512.4877793969,0.000123738495996,0.999354901671541,-8590.68620552996,-8590.68317,0.003035529960471
2000,4.47552228131656,0.5,0.02618,0.0068,0.001428,0.0034,0.000476,0.00136,0.000408,0.002739726027397,0.9,0.8,0.8,0.006103526060298,0.000343703787051,12.3827884344912,1660,0.779511069906142,0.922453652542819,0.921302413645581,4.49935623152478E-05,0.4,4,0.96260883591735,17.1154959493816,0.333333333333333,118566.245382731,139.592564999159,28.3503514995292,374.641908967348,18.4943563876255,44.6478957818172,1.65476512297272,0.129885347540087,429.332698495106,122352.940613438,26863.1110132265,7.92448775925489E-05,0.998226918106474,-8581.00103061332,-8580.953699,0.047331613321148
2000,4.43161454978851,0.5,0.02618,0.0068,0.001428,0.0034,0.000476,0.00136,0.000408,0.002739726027397,0.9,0.8,0.8,0.004424303403314,0.000428410425793,26.2530924198928,1660,0.849196944067505,0.98082506354754,0.8317670115749,2.56701066520974E-05,0.4,4,0.996178875919396,17.1349579555941,0.333333333333333,17949.182576222,716.32828845165,0.139832757685389,261.343400944825,4.34363684770457,180.901938147799,2.8026203099661,117.116059053065,1150.4167690947,59759.2157550705,12408.4654424511,0.000679750049094,0.997937821243609,-8585.03609705449,-8584.986672,0.049425054488893
0,0,0,0,0,0,0,0,0,0,0,0,0,0,0,0,0,0,0,0,0,0,0,0,0,0,0,0,0,0,0,0,0,0,0,0,0,0,0,0,-21073.2587710815,"NaN","#VALUE!"
2000,4.51624730318121,0.5,0.02618,0.0068,0.001428,0.0034,0.000476,0.00136,0.000408,0.002739726027397,0.9,0.8,0.8,0.004577687328599,0.000435811460098,12.5050575548365,1660,0.834473905140402,0.926740903999514,0.827091022682853,5.48615861647295E-05,0.4,4,0.99409080154061,17.1337662926464,0.333333333333333,24167.9585408062,352.916592736027,0.427683639633865,295.663073795047,0.406082627851074,177.541626434612,7.53166742992072,7.55320247597804,1797.33375403036,104216.58413057,10025.8060902086,0.001417583894565,0.997055207840491,-8578.63297628555,-8578.597964,0.035012285548874
2000,4.78742341735326,0.5,0.02618,0.0068,0.001428,0.0034,0.000476,0.00136,0.000408,0.002739726027397,0.9,0.8,0.8,0.006423682413737,0.000345561905589,13.2270142005857,1660,0.785774160349458,0.937938780830343,0.872311319766456,3.94926923151644E-05,0.4,4,6.61990233059564,17.1568774210129,0.333333333333333,118931.140035719,114.973362260733,1.17813134332635,98.6832068895826,4.93426343357904,18.0592632562557,4.62161073700379,3.02336973322003,757.959318362348,196686.841942492,24249.4187310641,3.62310015142386E-05,0.999176574162149,-8576.89763528635,-8576.905963,-0.008327713649123
2000,4.67291121262044,0.5,0.02618,0.0068,0.001428,0.0034,0.000476,0.00136,0.000408,0.002739726027397,0.9,0.8,0.8,0.004773790295524,0.00040338805248,26.2845102015801,1660,0.886285463194943,0.957368659889396,0.827597208074718,2.39864320248033E-05,0.4,4,2.25573710464159,17.261103187277,0.333333333333333,13131.0142845281,90.9674161203859,5.99205513368909,424.052209618897,7.26224037725429,10.0092822167797,0.616037837402704,5.18755009733592,1020.39487664196,93141.5067860926,30814.5771096172,0.0002610037603,0.99941130403888,-8579.42805245602,-8579.398087,0.029965456020364
2000,4.46391539116012,0.5,0.02618,0.0068,0.001428,0.0034,0.000476,0.00136,0.000408,0.002739726027397,0.9,0.8,0.8,0.003901273100715,0.000589066030848,35.3428282256961,1660,0.789910014039912,0.970558776578723,0.685769821001433,2.70991641483405E-05,0.4,4,0.950954086371146,17.1042500204502,0.333333333333333,24850.8346209452,100.632186080808,20.6481988557812,328.599114369052,79.3465586037114,325.941892567093,5.57483706983209,21.918361786655,2341.66239549453,56223.8687188735,5570.39313572349,1.00309331624673E-05,0.999905723132657,-8580.91359888303,-8580.879831,0.033767883029213
0,0,0,0,0,0,0,0,0,0,0,0,0,0,0,0,0,0,0,0,0,0,0,0,0,0,0,0,0,0,0,0,0,0,0,0,0,0,0,0,-21073.2587710815,"NaN","#VALUE!"
2000,4.57331952895142,0.5,0.02618,0.0068,0.001428,0.0034,0.000476,0.00136,0.000408,0.002739726027397,0.9,0.8,0.8,0.006303855832514,0.000344778791703,16.5526378353503,1660,0.77853997236358,0.957717553892711,0.875596720112959,3.28534010733586E-05,0.4,4,1.04350241067554,17.1537145471048,0.333333333333333,169820.220693584,164.136849803498,1.21424349078755,359.5706148847,18.6972848532781,36.0122720282804,6.7711530758135,3.05123822898201,213.510598392892,270919.175548833,23482.7147085673,4.36943940361096E-05,0.999339026236732,-8583.12678538682,-8583.079655,0.047130386819845
2000,5.00173334853536,0.5,0.02618,0.0068,0.001428,0.0034,0.000476,0.00136,0.000408,0.002739726027397,0.9,0.8,0.8,0.006133068878665,0.000371959072405,16.0160925101837,1660,0.773513608738345,0.959948077383535,0.915967488804775,3.47662495449843E-05,0.4,4,1.0131194578328,17.1664681285179,0.333333333333333,5832.16121459623,157.538041979561,0.130861302607683,361.407219228884,14.1616910655675,29.0505048441353,14.6534905670182,9.41952613439739,516.417903843013,187737.829717513,27539.4657243241,4.63792234743094E-05,0.999047249134369,-8589.482727858,-8589.437788,0.044939858000362
2000,4.18718388232744,0.5,0.02618,0.0068,0.001428,0.0034,0.000476,0.00136,0.000408,0.002739726027397,0.9,0.8,0.8,0.004391438821658,0.000418664532732,26.6276393200721,1660,0.824635858066422,0.854451860468394,0.935649714975402,2.2547643179308E-05,0.4,4,1.10044229591191,16.8684776077061,0.333333333333333,395358.331005616,509.922738105357,19.0462631941886,266.457889776534,16.0385606217819,179.873401602854,1.43218925038432,7.67767083332362,638.886959186071,236095.471539796,11411.3194550574,0.002045392356675,0.996955622685672,-8580.66267395215,-8580.648897,0.013776952151602
2000,4.46141535086055,0.5,0.02618,0.0068,0.001428,0.0034,0.000476,0.00136,0.000408,0.002739726027397,0.9,0.8,0.8,0.004565847028446,0.000442040891481,29.846382880544,1660,0.827993291506728,0.862028505574863,0.901511081987097,2.12821737650808E-05,0.4,4,0.913456404826536,17.0781383490398,0.333333333333333,701.853029910487,13.5757203941705,0.087832028847781,288.351983306764,1.39752475881701,131.24000772461,215.433999540443,7.9247625743875,423.210985471876,103646.270698459,16836.2892464988,1.87850324674675E-05,0.999679080729435,-8586.12925483887,-8586.118905,0.010349838870752
2000,4.47955112459606,0.5,0.02618,0.0068,0.001428,0.0034,0.000476,0.00136,0.000408,0.002739726027397,0.9,0.8,0.8,0.004501227749456,0.000435824034246,16.0701026097483,1660,0.820238546543717,0.919607540943643,0.886755295334834,3.99570256779952E-05,0.4,4,1.48946205087869,17.1657657633478,0.333333333333333,28184.0237557996,371.296105243884,0.255469035470651,177.234428674319,3.17668298386488,214.44158934153,1.05902028228046,22.8126650037742,2058.70058527775,18555.4085526244,12447.4597741082,0.000611977667069,0.998513515916329,-8579.71420504823,-8579.698635,0.015570048230075
2000,4.25340933752032,0.5,0.02618,0.0068,0.001428,0.0034,0.000476,0.00136,0.000408,0.002739726027397,0.9,0.8,0.8,0.004236855256707,0.000442531003835,39.4535526489749,1660,0.836119058782653,0.9929229187074,0.849877710088547,1.82133893762641E-05,0.4,4,0.931329873533168,17.0883691184616,0.333333333333333,5463.15910216458,986.222574498369,0.304456629145559,534.050061845208,41.0341537770419,170.92115635549,2.62190729316256,10.1533496758737,803.652142511493,25579.5730173108,50.1126994700233,0.000129171852379,0.999464588431824,-8585.93912838174,-8585.900297,0.038831381740238
2000,4.76857832750152,0.5,0.02618,0.0068,0.001428,0.0034,0.000476,0.00136,0.000408,0.002739726027397,0.9,0.8,0.8,0.006306631305283,0.000344915805073,13.6127877323891,1660,0.782222125444524,0.915234533356512,0.935121732142912,3.78766925109875E-05,0.4,4,17.6768221641571,17.1479209497748,0.333333333333333,114322.576733092,2.60982612689784,0.690956954370713,19.8118464183777,17.1063497062538,40.5458772418326,3.39702947432311,7.27026506628316,237.362902501581,74810.9996540058,49039.3632611225,7.0329600102506E-05,0.998190525713082,-8576.65111187013,-8576.601114,0.049997870130028
2000,4.59965040204436,0.5,0.02618,0.0068,0.001428,0.0034,0.000476,0.00136,0.000408,0.002739726027397,0.9,0.8,0.8,0.00461112639213,0.000432429017819,33.4914296017951,1660,0.839335825728256,0.875591590782452,0.919540694966401,1.97316686416344E-05,0.4,4,1.0759224806438,17.0778536642133,0.333333333333333,8780.26365406642,109.07960405092,0.447846909692112,279.04552513032,3.54080427258316,197.990891410467,150.557627374733,6.24961416537054,631.383359142891,42954.690467135,37440.7727495561,0.000114443119314,0.999578522354733,-8588.78478005208,-8588.792332,-0.007551947921456
2000,4.2670413389331,0.5,0.02618,0.0068,0.001428,0.0034,0.000476,0.00136,0.000408,0.002739726027397,0.9,0.8,0.8,0.004335763731184,0.0004561765732,34.3720873951587,1660,0.826329156504537,0.913019643292233,0.816555079548813,2.01341392974845E-05,0.4,4,1.45909900958892,17.0519436567774,0.333333333333333,258130.596604047,105.265257384331,0.929800358764628,321.885529183996,3.39616022673528,190.2417185995,3.93619711434385,1.0664202241717,1817.13169650162,110012.784042659,13799.6100081645,1.52162297997423E-05,0.99966238858376,-8579.52354550137,-8579.550007,-0.026461498629942
2000,4.2414224286895,0.5,0.02618,0.0068,0.001428,0.0034,0.000476,0.00136,0.000408,0.002739726027397,0.9,0.8,0.8,0.004370236848901,0.000435811460098,38.0398960327364,1660,0.841708765144755,0.879610779816802,0.924441488181225,1.71E-05,0.4,4,0.99409080154061,17.1262267223412,0.333333333333333,429850.70409825,151.706428331493,0.331947920031205,334.875912347846,1.96355270486389,181.828440794009,2.50024871391762,15.0609779451259,1885.25458013184,96262.1869409573,47351.9870100541,3.71127951328047E-05,0.999621189015762,-8586.26150046898,-8586.22786,0.033640468978774
2000,4.60900469994244,0.5,0.02618,0.0068,0.001428,0.0034,0.000476,0.00136,0.000408,0.002739726027397,0.9,0.8,0.8,0.004583128221336,0.000437474603128,16.5894419382256,1660,0.821882307294783,0.917299176378821,0.879751881487027,4.11760080769327E-05,0.4,4,1.27546963230327,17.1634823864037,0.333333333333333,17477.305276149,359.556930281161,1.49465854623983,218.780164271869,8.91088554400472,176.627917963659,29.9073687097674,9.33626342920378,628.863076913051,140614.594143623,17650.6390632482,7.62636602927585E-05,0.999545082183647,-8581.14422799115,-8581.089636,0.054591991149209
2000,4.36335595234486,0.5,0.02618,0.0068,0.001428,0.0034,0.000476,0.00136,0.000408,0.002739726027397,0.9,0.8,0.8,0.006001314496206,0.00034224746015,14.6922113675371,1660,0.779882050597272,0.979861815981761,0.867437415491682,3.78221215732914E-05,0.4,4,2.28476192208914,17.1374384435593,0.333333333333333,112194.661161287,184.487247490372,1.77656087724001,217.426548182239,22.038790128869,77.2277272206322,2.87223274283892,4.50482976106548,148.714451076711,195425.746590563,24348.0363581445,4.87293570350914E-05,0.99897033211584,-8577.69369090853,-8577.652013,0.041677908529891
2000,4.20189558985366,0.5,0.02618,0.0068,0.001428,0.0034,0.000476,0.00136,0.000408,0.002739726027397,0.9,0.8,0.8,0.004360067266453,0.000434286053236,28.1859136298651,1660,0.830509540579686,0.9793056890392,0.819459574660806,2.45416695612964E-05,0.4,4,0.996178875919396,17.1025309098061,0.333333333333333,29341.2084990733,4059.45348856545,6.95394741029679,293.666703792633,0.695760174977641,232.704424165844,1.50917512200327,2.83141050594234,895.441251061604,39897.4615543932,3222.89494417248,0.00010741640331,0.999466870517981,-8581.82311425313,-8581.766141,0.056973253129399
2000,4.3322103572963,0.5,0.02618,0.0068,0.001428,0.0034,0.000476,0.00136,0.000408,0.002739726027397,0.9,0.8,0.8,0.004405991715532,0.000430352006325,24.3888808387744,1660,0.797755058602976,0.984444549079506,0.854625393133901,2.74205562891343E-05,0.4,4,1.3629363813426,16.9730638073071,0.333333333333333,22745.3828363043,1311.80891875095,0.185886083920565,298.75833850918,13.5381472116582,197.318613162423,2.33767225631128,8.61052838084263,132.633810627003,18907.4939600713,3954.3162124605,0.000211936091237,0.999208538475744,-8580.15886406472,-8580.058057,0.100807064720357
2000,4.5852950735408,0.5,0.02618,0.0068,0.001428,0.0034,0.000476,0.00136,0.000408,0.002739726027397,0.9,0.8,0.8,0.004497696801644,0.00043493405575,30.0195954957736,1660,0.850185888958746,0.869992867293308,0.919452428415944,2.10659656297555E-05,0.4,4,0.977753619682426,17.0864837431491,0.333333333333333,12089.2341511201,113.044983789029,1.24419229594433,278.805953925351,8.81376978626133,186.130766121914,156.495118026775,8.48603042855126,641.037562827963,157918.673026376,16300.308605747,0.000215112064182,0.998698771281064,-8587.35398044812,-8587.321635,0.032345448120395
2000,4.54939612001301,0.5,0.02618,0.0068,0.001428,0.0034,0.000476,0.00136,0.000408,0.002739726027397,0.9,0.8,0.8,0.004518579721652,0.000426203803382,25.9532894160675,1660,0.847547595014728,0.885760716712662,0.907574593236324,2.44014567996177E-05,0.4,4,1.07183391427347,17.0351727760729,0.333333333333333,156194.681743936,1539.79321620213,1.94738101735493,208.327362086561,4.63381624715266,314.686238252983,1.12117002665781,2.50059471063874,569.089865056386,197580.899842685,15018.6719552794,0.000119127974178,0.999060425090627,-8583.44187793944,-8583.373804,0.068073939439273
2000,4.60940465864894,0.5,0.02618,0.0068,0.001428,0.0034,0.000476,0.00136,0.000408,0.002739726027397,0.9,0.8,0.8,0.004506705649366,0.000438118410431,28.5379206629551,1660,0.827958131752955,0.966554324840447,0.820552442521989,2.34014346533003E-05,0.4,4,1.55662635170297,17.0220335516682,0.333333333333333,20631.1825440769,66.4505184603963,0.259313106602359,244.805422556677,2.80145353671582,376.378206142296,4.66682723872496,5.82786261032947,901.69124975395,44624.5623136914,22416.6618497646,0.000354369704471,0.99882706891873,-8580.18640325848,-8580.141293,0.045110258479326
2000,4.45819848910475,0.5,0.02618,0.0068,0.001428,0.0034,0.000476,0.00136,0.000408,0.002739726027397,0.9,0.8,0.8,0.00457713290309,0.000419707577659,28.3258066512051,1660,0.824961909272402,0.960283128465315,0.903925340199137,2.5007340034836E-05,0.4,4,0.95017710071148,17.0916207305586,0.333333333333333,41698.242004221,128.167911627114,1.89276297202959,372.454312669204,4.78713472652678,303.996698043817,4.8764644384057,6.42570462181021,1568.29356859364,49445.2259260734,16958.7667174648,0.000371015434827,0.998377487721363,-8585.99712683386,-8585.981658,0.015468833858904
2000,4.27762158867341,0.5,0.02618,0.0068,0.001428,0.0034,0.000476,0.00136,0.000408,0.002739726027397,0.9,0.8,0.8,0.004531897392804,0.000419051140028,26.6119452621556,1660,0.849582247290592,0.868051785970106,0.868840993559004,2.22462157639818E-05,0.4,4,1.44338928864949,17.0369026939539,0.333333333333333,310810.632147816,352.805911523992,4.34866858004816,268.729714692216,10.097706345401,155.132277891337,7.93353913938085,2.19623811533533,3920.71234232685,66224.0397194706,26789.5499823751,0.001618259194732,0.994154490108044,-8579.56409585087,-8579.604704,-0.040608149129184
2000,4.27046697189138,0.5,0.02618,0.0068,0.001428,0.0034,0.000476,0.00136,0.000408,0.002739726027397,0.9,0.8,0.8,0.004421920451352,0.000420662546126,25.971105383433,1660,0.828762649115788,0.866439771965897,0.907046827283223,2.27452331712114E-05,0.4,4,1.43474626493968,16.8870746984892,0.333333333333333,13136.0075774959,241.212438099289,114.051676927383,363.912476390435,0.565409376328693,197.922233440329,1.07119688053365,1.23676245233156,3166.46979275161,10945.6466510712,21.6193328814503,8.48972572983378E-05,0.999622620448123,-8578.99952551339,-8579.003839,-0.004313486610045
2000,4.43035670078322,0.5,0.02618,0.0068,0.001428,0.0034,0.000476,0.00136,0.000408,0.002739726027397,0.9,0.8,0.8,0.006122611582825,0.000345250737976,29.988063959507,1660,0.781630869924454,0.903016235848859,0.926676856533719,1.71071439796096E-05,0.4,4,2.68616582243776,17.1606364218855,0.333333333333333,140150.002545265,120.824516987958,0.411007078923818,376.292811769107,1.16710639390528,2.99991877059417,5.06175664997967,1.40557716622348,1037.99832340226,65476.3125031492,30513.0874639876,7.61167032867751E-05,0.999294375343828,-8579.82327176332,-8579.778958,0.044313763319224
2000,4.71531446794433,0.5,0.02618,0.0068,0.001428,0.0034,0.000476,0.00136,0.000408,0.002739726027397,0.9,0.8,0.8,0.006460576549773,0.000342907274061,14.7482668634777,1660,0.773630297678269,0.959689808644979,0.894835329980594,3.65292890353855E-05,0.4,4,0.881649980681576,17.1258727181254,0.333333333333333,9311.26625746345,997.228282102816,0.80433076864355,424.036715444701,25.5583993502972,54.6619467293224,5.33788169688109,2.80531705226765,551.018642343142,176385.410351554,40471.5613441933,9.47329835456344E-05,0.99848452655674,-8584.61992415485,-8584.59519,0.024734154849284
2000,4.68308608733727,0.5,0.02618,0.0068,0.001428,0.0034,0.000476,0.00136,0.000408,0.002739726027397,0.9,0.8,0.8,0.006267969447468,0.000338826931999,13.3812932147249,1660,0.78708475108187,0.886942431048915,0.930723183787366,3.82621734062083E-05,0.4,4,1.53759497341251,16.9734775170421,0.333333333333333,2246.26885285977,293.693793354815,0.100284517116188,376.545677703148,16.9367749951967,13.7044212517597,5.03392643501873,15.8064222938517,358.36068149635,177268.007503431,16249.9169542152,2.78129316898731E-05,0.999404940554357,-8579.00679754343,-8578.972985,0.033812543430031
2000,4.42703379600213,0.5,0.02618,0.0068,0.001428,0.0034,0.000476,0.00136,0.000408,0.002739726027397,0.9,0.8,0.8,0.006461964512238,0.000341577600897,16.3684594417656,1660,0.748097033232037,0.974465040365255,0.912513444024764,3.09947998774123E-05,0.4,4,1.09241265414442,17.1902359873162,0.333333333333333,1959.62428959226,1084.11184972481,0.091454171903483,430.371332072325,11.0003952586073,40.8441391226674,3.07677630588114,0.009123310489385,198.953892963307,117542.447620439,3337.63645669483,0.00069099734859,0.998100481974906,-8584.29219623243,-8584.247117,0.045079232429998
2000,4.68662137022807,0.5,0.02618,0.0068,0.001428,0.0034,0.000476,0.00136,0.000408,0.002739726027397,0.9,0.8,0.8,0.006385366796988,0.000345544763878,17.3837638072235,1660,0.790576512339746,0.919385911326301,0.881916376055156,2.93727128277635E-05,0.4,4,0.969146618680907,17.1208770733266,0.333333333333333,17159.8868393384,78.1450189087667,2.0230066874606,316.907058054358,7.71699607881097,141.511126188359,72.4170378752566,6.75470067101287,977.754422765834,74617.8016315826,25659.1016995765,5.3353147635037E-05,0.998398399978986,-8584.17788862136,-8584.169012,0.008876621359377
2000,3.93418875428276,0.5,0.02618,0.0068,0.001428,0.0034,0.000476,0.00136,0.000408,0.002739726027397,0.9,0.8,0.8,0.004199592506535,0.00042353602391,30.8313118852073,1660,0.837167068296072,0.98146756119619,0.837400236212687,2.21431722928264E-05,0.4,4,1.03126736826756,17.0988391364453,0.333333333333333,4913.97807848474,235.887081823473,104.804606474194,369.395570877528,284.556838964491,221.26862614847,7.52545764222866,3.9718333940576,687.383700821616,47307.0499982884,116.735293519496,0.000341008841109,0.998840385102077,-8581.26658554489,-8581.227265,0.03932054489087
2000,4.31361880414554,0.5,0.02618,0.0068,0.001428,0.0034,0.000476,0.00136,0.000408,0.002739726027397,0.9,0.8,0.8,0.004464866146351,0.000432599499991,24.536451694113,1660,0.805451858023092,0.854316154171995,0.919283133744471,2.49755715674988E-05,0.4,4,1.16116739765289,16.8784391203511,0.333333333333333,321253.304669515,397.138604595509,0.826342273191601,267.200155239451,4.35696752522374,189.649278018983,6.33882676963834,4.0151241683799,1007.12911199785,47142.6920387746,23521.8326599819,0.000180595289487,0.999027438175036,-8580.15495120661,-8580.14977,0.005181206610359
2000,4.54996064576434,0.5,0.02618,0.0068,0.001428,0.0034,0.000476,0.00136,0.000408,0.002739726027397,0.9,0.8,0.8,0.004660513862826,0.000440036935585,34.7705677234149,1660,0.845233048833159,0.986897464556191,0.731041939410816,2.05555114683638E-05,0.4,4,1.36950827013709,17.0773722839261,0.333333333333333,2776.17579203564,197.826992952298,0.873376584027584,338.297765313879,8.82800862553862,264.804907456005,34.6994148031454,33.0993171110653,3609.68050754309,46049.48581489,5328.44152844066,0.000147679223675,0.99904459814194,-8580.02259889295,-8579.988655,0.033943892951356
2000,4.47415087914692,0.5,0.02618,0.0068,0.001428,0.0034,0.000476,0.00136,0.000408,0.002739726027397,0.9,0.8,0.8,0.00553525700012,0.000404067188539,14.287833173579,1660,0.760960984196609,0.894624297227499,0.864777004097399,3.75107030050474E-05,0.4,4,1.13444273922964,17.147848834575,0.333333333333333,1571.56326860374,156.724981670361,0.759002472959551,333.731583510759,18.8874213371557,30.3477532716046,32.8617057898801,35.8874090885879,2573.92667243507,106949.096650268,34031.8122541821,9.1719335460867E-05,0.997192389186978,-8580.25304684259,-8580.200966,0.05208084258993
2000,3.98751392017022,0.5,0.02618,0.0068,0.001428,0.0034,0.000476,0.00136,0.000408,0.002739726027397,0.9,0.8,0.8,0.004111850306497,0.000427737099729,23.2845751992657,1660,0.846065635137817,0.967472353692636,0.83356493387806,2.85321101957157E-05,0.4,4,2.15662294721118,17.1035264439358,0.333333333333333,42137.8677297189,1846.47274379522,0.808368261513709,240.271753771386,5.02984442342768,156.632061021005,10.8105606081869,0.715601873495415,153.258854312741,235089.226369451,7768.11532348818,7.30913174470792E-07,0.999995434754335,-8577.39324910088,-8577.393715,-0.000465899120172
2000,4.6420960358064,0.5,0.02618,0.0068,0.001428,0.0034,0.000476,0.00136,0.000408,0.002739726027397,0.9,0.8,0.8,0.004622440442744,0.000431465761139,15.8849033923564,1660,0.830861646664901,0.924651103296523,0.87516321340071,4.41839261702093E-05,0.4,4,0.957308319347526,17.1295520879528,0.333333333333333,18129.0242716676,632.645621978572,1.33235297370504,285.92032903416,3.0473296261912,220.001749183074,4.45525865373086,5.92323901744244,1859.93643414186,124570.554232824,10760.8995845613,6.45051086742142E-05,0.99908725222499,-8581.88455652196,-8581.881421,0.003135521959848
2000,4.19711750186019,0.5,0.02618,0.0068,0.001428,0.0034,0.000476,0.00136,0.000408,0.002739726027397,0.9,0.8,0.8,0.004363638229255,0.000426479550682,33.1119138918929,1660,0.850243798583351,0.850076261408447,0.926491587533358,1.94966641676963E-05,0.4,4,0.940285077183777,16.9911362339084,0.333333333333333,20067.4062959354,188.915300991448,0.167442567926295,302.483899659385,14.3305907279421,140.096414127194,210.160091651986,8.70164749046086,241.610989633585,80349.7366152697,27060.7297588031,0.000220904516271,0.998913980393967,-8584.50597638745,-8584.475006,0.030970387449997
2000,4.13587699711123,0.5,0.02618,0.0068,0.001428,0.0034,0.000476,0.00136,0.000408,0.002739726027397,0.9,0.8,0.8,0.004588032288703,0.00043351063537,23.9231358410411,1660,0.804704559558443,0.867449385291798,0.901636914092265,2.51250719476409E-05,0.4,4,0.984613673726928,17.1398635506813,0.333333333333333,289055.888466951,155.873883975255,8.05968639365115,326.448491900979,1.90054250311153,183.287172260606,4.72539467063846,7.26410169485665,1070.99928276734,84071.6869133766,18594.6535493566,0.000137416618543,0.998987885477925,-8581.30033145681,-8581.262309,0.038022456810722
2000,4.47455521614738,0.5,0.02618,0.0068,0.001428,0.0034,0.000476,0.00136,0.000408,0.002739726027397,0.9,0.8,0.8,0.00471448196735,0.000419366205048,30.4151027822041,1660,0.81025396841934,0.948622560306232,0.821761689329172,2.18038742986608E-05,0.4,4,1.32418310743177,16.8679880446107,0.333333333333333,24459.8015353774,78.423076572962,1.11046323992272,304.028235202155,6.41899118810269,400.977945128013,6.26459603087027,29.3324963781787,794.274143788949,91110.0353449297,68835.208058022,0.000166404297741,0.998774185989273,-8579.93967719736,-8579.860183,0.079494197359964
2000,4.15506221194875,0.5,0.02618,0.0068,0.001428,0.0034,0.000476,0.00136,0.000408,0.002739726027397,0.9,0.8,0.8,0.004573270929545,0.000435682650433,32.049351580115,1660,0.833065248517436,0.814427684112834,0.915043626628311,1.91360649001997E-05,0.4,4,1.00721912988995,17.0924407583826,0.333333333333333,37202.2561489773,2405.21496339144,2.07785562224075,324.209775644247,0.025864080129697,353.634869797832,0.708808388974403,8.62754272412739,115.523741229942,21.3165333577835,13370.4273242908,0.000180185875062,0.998967284992112,-8581.8672415056,-8581.849947,0.017294505600148
2000,4.8316278484559,0.5,0.02618,0.0068,0.001428,0.0034,0.000476,0.00136,0.000408,0.002739726027397,0.9,0.8,0.8,0.006295442766516,0.000336947272918,12.3454357462698,1660,0.776232890714382,0.970404129367448,0.928234715908318,4.13112836405497E-05,0.4,4,0.994019079458041,16.9392362511943,0.333333333333333,10113.3538081289,264.510060425471,2.40745181869878,390.005087150518,8.96784026580671,38.1359891571247,2.97052830571495,7.34717565299672,357.176412267353,195750.104310397,27871.2869184839,5.06011257193487E-05,0.998824892223836,-8584.09067375925,-8584.063045,0.027628759249637
2000,4.46212482078447,0.5,0.02618,0.0068,0.001428,0.0034,0.000476,0.00136,0.000408,0.002739726027397,0.9,0.8,0.8,0.00451522955493,0.000428177501942,28.3006404897072,1660,0.833218556771449,0.859410955055907,0.921937870785068,1.97693744030814E-05,0.4,4,1.12286419931701,16.9431558530813,0.333333333333333,319727.694872376,86.1642037730802,1.17611423769478,274.004244550168,3.52895268716959,225.657073095318,2.52746471531307,6.9387909188487,1311.66593928624,114687.8634553,19122.2387753361,0.000127320574998,0.999051713075425,-8582.63122229725,-8582.610009,0.021213297250142
2000,4.47968243357031,0.5,0.02618,0.0068,0.001428,0.0034,0.000476,0.00136,0.000408,0.002739726027397,0.9,0.8,0.8,0.004535011149147,0.00042763476416,38.1005277780343,1660,0.856767136967086,0.939226401845746,0.757815436544379,1.72567751574512E-05,0.4,4,1.97716214269097,16.9086332569005,0.333333333333333,202497.997908988,446.75622594834,0.235779599186135,242.510049011327,0.81187506989422,31.8574485868022,14.9772047537925,3.8358018343369,946.760369437718,56.8683366485628,38.5844360359164,0.000176762238759,0.998753513998697,-8579.301074248,-8579.222719,0.078355248000662
2000,3.70975415408043,0.5,0.02618,0.0068,0.001428,0.0034,0.000476,0.00136,0.000408,0.002739726027397,0.9,0.8,0.8,0.004018506106341,0.00051161390843,29.7333378563256,1660,0.822993035401723,0.860247847466497,0.929961240261437,1.47849418085119E-05,0.4,4,0.945111168850309,24.7833326520741,0.333333333333333,2642.9119866495,97.7749882974845,0.918923813300812,373.492495241159,409.047199858802,244.917243525097,0.974139776616712,10.2414158883579,2020.38519427926,62341.6581536404,2603463.39486861,1.54754644827882E-06,0.999971499770921,"NA","NaN","#VALUE!"
2000,4.76896501302089,0.5,0.02618,0.0068,0.001428,0.0034,0.000476,0.00136,0.000408,0.002739726027397,0.9,0.8,0.8,0.006251842931963,0.00034076981898,12.6043779864545,1660,0.78442578136355,0.979533905022702,0.920708615622864,4.66988422245555E-05,0.4,4,0.932593080688034,17.1358763578635,0.333333333333333,6938.9615061516,222.72544508938,2.20323752755041,371.886543899957,13.7107037550255,55.3341090224987,4.94001629812527,4.80771061578982,944.8329346626,31.6480737114086,29454.0355299792,7.68459064822561E-05,0.999448440321669,-8585.36565711606,-8585.324824,0.040833116061549
2000,4.41057737887399,0.5,0.02618,0.0068,0.001428,0.0034,0.000476,0.00136,0.000408,0.002739726027397,0.9,0.8,0.8,0.004598396382774,0.000435361411495,33.5340941999485,1660,0.825316946643506,0.881898395808993,0.906553364485209,2.0729870563484E-05,0.4,4,0.962975187585046,17.093094050333,0.333333333333333,23004.1891673563,5179.41039035989,0.136811616278251,339.662666963405,6.43430422983236,154.307161227169,1.40204144677467,8.51012100684535,573.057900916284,129191.418440051,13119.6608194959,0.000250090643983,0.998379573482763,-8585.85050928312,-8585.765114,0.085395283120306
